	created_at	favorite_count	hashtags	retweet_count	text	url	user_screen_name
0	Wed Oct 14 17:20:49 +0000 2020	2.0		0.0	 Why is NBC holding this event for Trump? All he does is trash NBC and MSNBC and call every report FAKE news.	https://twitter.com/twitter/statuses/1316428762532270081	ab1e0956ff44ff4a64fa8bffc161b02f
1	Fri Oct 16 01:24:20 +0000 2020	1.0		0.0	 Exactly right. This was supposed to be a town hall Not a debate between President Trump and the fake news biased commentator. . I guess we should expect that. Very Sad. Trump does great when he gets to talk directly to people	https://twitter.com/twitter/statuses/1316912830197747714	a58536ec8388d4a35add1c3bc61ea96e
2	Wed Oct 14 16:34:26 +0000 2020	1.0		0.0	  You obviously have been watching fake news instead of paying attention.Trump 2020	https://twitter.com/twitter/statuses/1316417089868124160	055c35e7c04ac59e87c39f7551380d56
3	Fri Oct 16 01:42:51 +0000 2020	1.0		0.0	 Trump is so confident he can walkinto a fake news trap and escapetheir snare un scathed	https://twitter.com/twitter/statuses/1316917489826205701	39449a5e829877df62dfd8e9e9793072
4	Wed Oct 14 14:36:31 +0000 2020	0.0		0.0	 I'll be watching ABC Joe Biden. Why didn't FOXNews host the jackass townhall. I thought CNN MSNBC ABC etc were fake news oh he is desperate he needs all the fake news to host along with the fake people to watch.	https://twitter.com/twitter/statuses/1316387413208506368	caecf1fdda98dd10e47f29aa20480561
5	Tue Oct 13 15:51:41 +0000 2020	0.0		0.0	  FAKE NEWS !!!!!!THESE POLLS ARE A FUCKING JOKE JUST LIKE BIDEN	https://twitter.com/twitter/statuses/1316043940878053378	d7d71e778a61ce2ddd6beb7b14b722a0
6	Wed Oct 14 15:43:39 +0000 2020	1.0		0.0	 The story stinks and is full of holes. This is obviously a fake news setup. Just a sign of the desperation Trump is in	https://twitter.com/twitter/statuses/1316404308418523137	c93a902151cf29fe6b24fab7433325ca
7	Wed Oct 14 23:50:19 +0000 2020	0.0		0.0	@realDonaldTrump Don't watch Fox news. It's fake news!!  n . I challenge u turn off fox turn on the real news n see what nightmare we're in under Trump. We're in a crisis n I think most AMERiCA knows it	https://twitter.com/twitter/statuses/1316526783127224320	4bac803c21ce8f211bcedc65aff768e5
8	Sun Oct 18 20:13:49 +0000 2020	0.0		0.0	They really are desperate because Trump and his Crime Family are losing they will attack the Bidens and spread Fake News https://t.co/GnumMuARBX	https://twitter.com/twitter/statuses/1317921849276305408	13284ec8e7a3deb082934e815a6f7fb3
9	Fri Oct 16 01:06:07 +0000 2020	0.0		0.0	So     Refuse to run actual news on hunter biden and the shady dealing him and his father were involved in but yet anything remotely negative and mostly fake stuff put out on trump gets front page news. Unreal this media bias.	https://twitter.com/twitter/statuses/1316908247916433412	d60ee75e4e8a7965943ea16c8d07b865
10	Thu Oct 15 17:56:56 +0000 2020	4.0		0.0	   Fake News! Oh yeah Biden’s have a lot to answer for! Things are just getting started with the Biden’s!	https://twitter.com/twitter/statuses/1316800237609062400	9eb4cc9fac9ef4119cf700d6eddc8205
11	Tue Oct 20 04:05:53 +0000 2020	2.0	Trump2020	0.0	   They are called the silent majority and Trump is winning in front of ur noses like a landslide. Watch it. Of course the reason it surprises you is because you wont see it in CNN remember when we have warned you about Fake News? That’s exactly what it means. #Trump2020 😬	https://twitter.com/twitter/statuses/1318403038911004673	c3deb8e749a4abbaf50e398ffcfc95ce
12	Tue Oct 13 23:23:00 +0000 2020	0.0		0.0	Kamala is interviewing Judge Barrett right now... live on TV. No fake news. Tune in and see what you think. No spin... it’s live!	https://twitter.com/twitter/statuses/1316157518964457474	fb041b2c2b5ceca5d86f8cc2b7b9eb56
13	Fri Oct 16 19:04:25 +0000 2020	2.0		0.0	     @JoeBiden Nor do you on the Biden’s...this laptop is it?  Why didn’t the FBI do anything about it?...q your conspiracy response fbi’s corrupt fake news etc	https://twitter.com/twitter/statuses/1317179610807848960	07f3cf6cfaf1682b183d2bd45f34e1c4
14	Fri Oct 16 13:06:42 +0000 2020	0.0		0.0	No wonder Donald Trump thinks everything is fake news.	https://twitter.com/twitter/statuses/1317089587882192897	335baa3e561d423665e968274947e6ed
15	Tue Oct 13 17:57:59 +0000 2020	0.0		0.0	Is Biden taking dementia medication? Think this is something Americans should know? Shame on Jill Biden! And defund fake news!!	https://twitter.com/twitter/statuses/1316075729080254469	8c13db7f762a524c5304ab307c7f8830
16	Fri Oct 16 12:18:04 +0000 2020	0.0		0.0	Trump calling himself “Big T” now. Actually that’s fake news. According to Stormy Daniels Trump has a tiny mushroom shaped d**k. 🍄 https://t.co/U0ZxOEYBX8	https://twitter.com/twitter/statuses/1317077346189340673	e0dbd01d93c6496e375da09d6ff4d8fd
17	Tue Oct 13 14:57:47 +0000 2020	2.0		0.0	  @JoeBiden Where’s the Biden crowd ?If Sleepy 💤 Joe is having a Biden Rally there aught to be Biden supporters on hand chanting for him not Four More Years ! Look 👀 like he’s putting money in a empty whole to me ! No way polls could be correct Fake News you are just protecting your Ad $$ https://t.co/C2olxnQSkK	https://twitter.com/twitter/statuses/1316030376976871425	0f0c3d118260c42c4ece86e2dbc67ebb
18	Fri Oct 16 00:48:25 +0000 2020	1.0		0.0	So glad you said this so many will believe you and nit the FAKE NEWS!! Trump 2020 https://t.co/BrNFKiGhfs	https://twitter.com/twitter/statuses/1316903793439723524	1d7aa265e2e0c614b5157482fddce68f
19	Wed Oct 14 20:04:40 +0000 2020	28.0	HunterBiden	8.0	Joe Biden could stand in the middle of 5th Avenue and shoot someone and I would still vote for him! #HunterBiden story is fake. Steve Bannon and Giuliani are involved. Enough said! The NY Post is a Fox News wannabe!	https://twitter.com/twitter/statuses/1316469995019268096	c713cb9d138fa5280576c1fe3a0d1a1b
